{"cameraMode":{"drawMode":0,"name":"Shaded","section":"Shading Mode"},"sceneLighting":false,"audioPlay":false,"sceneViewState":{"showFog":true,"showMaterialUpdate":false,"showSkybox":false,"showFlares":true,"showImageEffects":true,"showParticleSystems":true},"in2DMode":false,"pivot":{"x":5.159999847412109,"y":2.6565346717834474,"z":0.0},"rotation":{"x":0.017604338005185128,"y":-0.40250951051712038,"z":-0.00763991754502058,"w":-0.9152734279632568},"size":0.42426419258117678,"orthographic":false}