{"cameraMode":{"drawMode":0,"name":"Shaded","section":"Shading Mode"},"sceneLighting":false,"audioPlay":false,"sceneViewState":{"showFog":true,"showMaterialUpdate":false,"showSkybox":true,"showFlares":true,"showImageEffects":true,"showParticleSystems":true},"in2DMode":false,"pivot":{"x":8.713932037353516,"y":0.5124644041061401,"z":-3.2924046516418459},"rotation":{"x":-0.014819405041635037,"y":-0.8480775952339172,"z":0.023648247122764589,"w":-0.5292724967002869},"size":7.637492656707764,"orthographic":false}