{"cameraMode":{"drawMode":0,"name":"Shaded","section":"Shading Mode"},"sceneLighting":false,"audioPlay":false,"sceneViewState":{"showFog":true,"showMaterialUpdate":false,"showSkybox":true,"showFlares":true,"showImageEffects":true,"showParticleSystems":true},"in2DMode":false,"pivot":{"x":0.5101721286773682,"y":2.384214401245117,"z":45.343257904052737},"rotation":{"x":0.09387961775064469,"y":-0.2606211304664612,"z":0.025565844029188157,"w":0.9606729745864868},"size":9.918549537658692,"orthographic":false}